{
  "version": 1,
  "dependencies": [
    {
      "source": {
        "git": {
          "remote": "https://github.com/brancz/kubernetes-grafana",
          "subdir": "grafana"
        }
      },
      "version": "d039275e4916aceae1c137120882e01d857787ac"
    },
    {
      "source": {
        "git": {
          "remote": "https://github.com/grafana/grafana",
          "subdir": "grafana-mixin"
        }
      },
      "version": "release-v9.0.0",
      "name": "grafana-mixin"
    },
    {
      "source": {
        "git": {
          "remote": "https://github.com/etcd-io/etcd",
          "subdir": "contrib/mixin"
        }
      },
      "version": "release-3.5"
    },
    {
      "source": {
        "git": {
          "remote": "https://github.com/prometheus-operator/prometheus-operator",
          "subdir": "jsonnet/prometheus-operator"
        }
      },
      "version": "release-0.57"
    },
    {
      "source": {
        "git": {
          "remote": "https://github.com/prometheus-operator/prometheus-operator",
          "subdir": "jsonnet/mixin"
        }
      },
      "version": "release-0.57",
      "name": "prometheus-operator-mixin"
    },
    {
      "source": {
        "git": {
          "remote": "https://github.com/kubernetes-monitoring/kubernetes-mixin",
          "subdir": ""
        }
      },
      "version": "release-0.11"
    },
    {
      "source": {
        "git": {
          "remote": "https://github.com/kubernetes/kube-state-metrics",
          "subdir": "jsonnet/kube-state-metrics"
        }
      },
      "version": "release-2.5"
    },
    {
      "source": {
        "git": {
          "remote": "https://github.com/kubernetes/kube-state-metrics",
          "subdir": "jsonnet/kube-state-metrics-mixin"
        }
      },
      "version": "release-2.5"
    },
    {
      "source": {
        "git": {
          "remote": "https://github.com/prometheus/node_exporter",
          "subdir": "docs/node-mixin"
        }
      },
      "version": "release-1.3"
    },
    {
      "source": {
        "git": {
          "remote": "https://github.com/prometheus/prometheus",
          "subdir": "documentation/prometheus-mixin"
        }
      },
      "version": "release-2.36",
      "name": "prometheus"
    },
    {
      "source": {
        "git": {
          "remote": "https://github.com/prometheus/alertmanager",
          "subdir": "doc/alertmanager-mixin"
        }
      },
      "version": "release-0.24",
      "name": "alertmanager"
    },
    {
      "source": {
        "git": {
          "remote": "https://github.com/pyrra-dev/pyrra.git",
          "subdir": "config/crd/bases"
        }
      },
      "version": "release-0.4"
    },
    {
      "source": {
        "git": {
          "remote": "https://github.com/thanos-io/thanos",
          "subdir": "mixin"
        }
      },
      "version": "release-0.26",
      "name": "thanos-mixin"
    }
  ],
  "legacyImports": true
}
